[{
  "_id": {
    "$oid": "63eab4b316e665bcc122ef21"
  },
  "ucesnik": "lara",
  "radionica": "Maca",
  "komentar": "volim ovooo !!!"
},{
  "_id": {
    "$oid": "63ed142216e665bcc122ef42"
  },
  "ucesnik": "la2ra",
  "radionica": "Umetnost vocem",
  "komentar": "volim ovooo !!!",
  "datum": {
    "$date": {
      "$numberLong": "1675358400000"
    }
  }
},{
  "_id": {
    "$oid": "63ed142e16e665bcc122ef43"
  },
  "ucesnik": "bane",
  "radionica": "Umetnost vocem",
  "komentar": "volim ovooo !!!",
  "datum": {
    "$date": {
      "$numberLong": "1675351400000"
    }
  }
},{
  "_id": {
    "$oid": "63ed16368571fd94739df5bb"
  },
  "ucesnik": "lara",
  "radionica": "Umetnost vocem",
  "komentar": "Odlicna je bila",
  "datum": {
    "$date": {
      "$numberLong": "1676482102550"
    }
  },
  "__v": 0
},{
  "_id": {
    "$oid": "63f2e539b5a5c422dfd0f217"
  },
  "ucesnik": "mina_carica",
  "radionica": "Umetnost vocem",
  "komentar": "Odlicna Radionica",
  "datum": {
    "$date": {
      "$numberLong": "1676862777422"
    }
  },
  "__v": 0
},{
  "_id": {
    "$oid": "63f2ec34b5a5c422dfd0f323"
  },
  "ucesnik": "lara",
  "radionica": "Platno kao relikvija",
  "komentar": "Dobra",
  "datum": {
    "$date": {
      "$numberLong": "1676864564519"
    }
  },
  "__v": 0
}]